seller_id,total_reviews,verified_rate,fake_rate,avg_shipping_days,return_rate_pct,years_on_platform
S0001,148,0.703,0.027,4.0,13.4,4
S0002,295,0.766,0.0576,3.8,4.8,1
S0003,212,0.802,0.0472,2.1,4.8,1
S0004,196,0.699,0.0408,3.9,7.3,5
S0005,195,0.754,0.0564,6.5,5.8,3
S0006,230,0.722,0.1043,6.1,5.7,2
S0007,217,0.756,0.0737,4.5,15.7,2
S0008,193,0.736,0.057,11.9,3.0,7
S0009,196,0.73,0.0357,2.3,3.4,2
S0010,153,0.745,0.0784,2.9,4.6,8
S0011,257,0.786,0.0661,7.9,4.8,7
S0012,140,0.75,0.0929,3.3,15.3,9
S0013,221,0.765,0.0543,4.7,3.4,8
S0014,127,0.709,0.0551,4.9,7.9,4
S0015,336,0.753,0.0655,6.6,6.9,5
S0016,288,0.698,0.0625,3.8,4.2,4
S0017,178,0.669,0.0674,4.5,9.1,4
S0018,280,0.711,0.0393,2.7,4.4,3
S0019,182,0.747,0.1044,6.7,12.6,7
S0020,157,0.764,0.0764,1.8,8.7,4
S0021,187,0.759,0.0695,5.9,6.3,6
S0022,233,0.717,0.0858,4.4,7.4,5
S0023,178,0.775,0.0393,4.1,4.7,4
S0024,169,0.74,0.0533,8.1,3.7,4
S0025,209,0.746,0.067,3.7,4.7,8
S0026,197,0.741,0.066,7.6,6.7,6
S0027,138,0.746,0.0725,3.9,5.9,7
S0028,293,0.737,0.0444,8.7,4.8,9
S0029,208,0.755,0.0913,4.9,3.6,3
S0030,261,0.77,0.0766,7.4,2.0,2
S0031,252,0.75,0.0794,3.5,4.8,1
S0032,158,0.703,0.0886,2.5,7.5,5
S0033,85,0.753,0.1412,2.5,5.5,9
S0034,139,0.734,0.0576,4.0,4.5,2
S0035,263,0.703,0.0684,6.5,12.7,6
S0036,271,0.753,0.0406,2.1,6.2,6
S0037,184,0.755,0.0489,8.2,3.6,7
S0038,242,0.694,0.0785,3.6,4.0,3
S0039,124,0.734,0.0323,2.7,7.8,8
S0040,137,0.65,0.0949,6.9,14.7,5
S0041,177,0.661,0.0678,4.3,7.7,2
S0042,312,0.731,0.0417,2.5,6.2,8
S0043,247,0.761,0.0567,2.8,8.3,7
S0044,260,0.758,0.0269,5.2,4.8,2
S0045,196,0.673,0.0561,5.5,6.9,8
S0046,235,0.745,0.0638,1.7,8.8,7
S0047,129,0.752,0.0388,5.5,7.1,4
S0048,295,0.725,0.0576,2.9,11.2,7
S0049,113,0.699,0.0708,3.3,18.1,5
S0050,43,0.791,0.0698,7.8,3.0,5
S0051,204,0.735,0.0539,3.2,5.6,8
S0052,268,0.776,0.0373,4.3,4.2,2
S0053,219,0.74,0.0685,6.0,2.4,4
S0054,188,0.766,0.0638,6.0,6.0,8
S0055,208,0.712,0.0529,4.8,4.2,8
S0056,119,0.773,0.0252,5.8,2.9,1
S0057,243,0.745,0.0576,4.2,2.4,3
S0058,202,0.728,0.0693,9.4,5.9,8
S0059,210,0.748,0.0619,6.5,8.6,1
S0060,131,0.702,0.0687,4.4,16.9,1
S0061,150,0.713,0.0533,5.0,8.2,9
S0062,174,0.736,0.0632,8.4,7.6,8
S0063,211,0.744,0.0616,12.6,5.6,2
S0064,242,0.752,0.0661,5.2,5.2,2
S0065,216,0.718,0.0324,4.3,9.5,3
S0066,387,0.796,0.0698,4.4,4.4,5
S0067,181,0.724,0.0331,5.4,11.7,7
S0068,95,0.747,0.0632,4.0,10.4,4
S0069,99,0.717,0.0909,5.8,4.5,7
S0070,101,0.663,0.0693,10.2,3.1,3
S0071,222,0.721,0.0766,6.0,3.6,8
S0072,115,0.748,0.0435,2.6,8.5,4
S0073,179,0.771,0.0503,8.0,7.3,8
S0074,182,0.747,0.0495,2.9,4.2,6
S0075,190,0.737,0.0684,2.6,2.4,8
S0076,274,0.763,0.0657,3.0,4.1,4
S0077,102,0.667,0.049,7.6,4.5,4
S0078,326,0.761,0.092,5.3,4.5,4
S0079,312,0.747,0.0769,5.7,7.8,7
S0080,263,0.779,0.0684,3.5,3.1,3
S0081,211,0.73,0.0616,7.2,14.8,7
S0082,318,0.717,0.0566,3.6,4.3,6
S0083,134,0.694,0.097,6.2,4.7,4
S0084,304,0.737,0.0461,5.4,5.7,1
S0085,82,0.756,0.0854,4.5,9.2,1
S0086,277,0.726,0.0578,2.5,5.1,6
S0087,228,0.724,0.0789,3.4,7.6,7
S0088,112,0.75,0.0536,4.3,13.8,3
S0089,254,0.783,0.0551,6.7,6.8,2
S0090,208,0.764,0.0769,7.6,6.9,6
S0091,207,0.744,0.0386,4.4,4.7,4
S0092,329,0.736,0.0578,3.9,6.2,9
S0093,125,0.784,0.032,3.3,7.6,4
S0094,85,0.8,0.0824,7.6,3.9,7
S0095,154,0.747,0.0519,7.3,3.1,2
S0096,167,0.683,0.0299,6.1,6.3,3
S0097,226,0.757,0.0487,4.9,7.0,2
S0098,99,0.838,0.0505,4.6,2.4,9
S0099,336,0.759,0.0804,3.0,2.7,6
S0100,112,0.723,0.0446,2.7,3.9,2
S0101,398,0.729,0.0603,3.4,9.3,7
S0102,120,0.725,0.0833,3.7,3.3,7
S0103,180,0.761,0.0278,1.8,6.9,7
S0104,269,0.732,0.0483,3.3,6.4,2
S0105,212,0.736,0.0755,6.5,5.5,9
S0106,169,0.728,0.0592,2.5,7.1,2
S0107,237,0.726,0.0886,7.0,6.1,9
S0108,275,0.727,0.0436,5.2,3.8,5
S0109,230,0.761,0.0565,6.6,6.6,9
S0110,276,0.707,0.0761,4.3,13.0,2
S0111,242,0.74,0.0496,4.8,3.0,7
S0112,321,0.745,0.0498,5.2,11.3,4
S0113,216,0.806,0.0509,2.2,5.7,6
S0114,282,0.752,0.0816,5.8,5.7,6
S0115,206,0.718,0.1019,4.7,3.6,6
S0116,233,0.751,0.0815,7.2,8.3,2
S0117,178,0.753,0.0674,3.8,4.6,2
S0118,200,0.76,0.085,3.5,8.3,1
S0119,95,0.8,0.0316,3.0,4.9,8
S0120,174,0.764,0.0632,6.5,2.4,9
S0121,122,0.68,0.0656,3.6,3.0,7
S0122,319,0.727,0.0627,3.4,11.4,4
S0123,148,0.743,0.0743,1.9,6.0,7
S0124,202,0.787,0.0792,5.7,2.6,2
S0125,281,0.747,0.0712,4.4,7.6,3
S0126,177,0.746,0.0339,13.3,4.6,9
S0127,150,0.74,0.0733,5.1,2.9,5
S0128,145,0.759,0.0621,5.4,10.5,8
S0129,169,0.763,0.0473,6.9,5.9,3
S0130,272,0.743,0.0699,7.4,8.0,8
S0131,302,0.722,0.0497,5.3,6.5,5
S0132,145,0.772,0.0276,3.1,5.6,2
S0133,140,0.779,0.05,3.9,4.8,5
S0134,285,0.705,0.0596,3.0,5.8,5
S0135,209,0.713,0.0431,3.6,3.9,8
S0136,138,0.783,0.0435,2.9,3.5,5
S0137,158,0.753,0.0759,5.2,3.3,7
S0138,313,0.725,0.0639,3.1,7.1,8
S0139,242,0.748,0.0785,4.7,5.3,1
S0140,146,0.651,0.0822,5.3,7.2,8
S0141,109,0.743,0.0734,4.0,6.0,7
S0142,188,0.702,0.0266,5.0,6.0,6
S0143,246,0.748,0.0772,8.1,5.9,5
S0144,216,0.727,0.0648,3.3,6.7,5
S0145,245,0.71,0.0653,3.0,4.8,6
S0146,265,0.755,0.0642,2.8,6.3,4
S0147,168,0.75,0.0357,7.8,13.6,9
S0148,226,0.743,0.0575,6.3,3.3,6
S0149,126,0.778,0.0714,2.6,7.1,8
S0150,180,0.694,0.0444,9.1,5.0,1
S0151,100,0.72,0.06,4.0,3.5,3
S0152,169,0.74,0.071,3.7,5.5,4
S0153,171,0.766,0.0643,1.7,2.7,3
S0154,226,0.752,0.0575,2.7,8.8,9
S0155,234,0.825,0.0513,6.4,3.1,1
S0156,199,0.774,0.0402,4.4,5.5,1
S0157,113,0.655,0.0442,2.7,5.4,5
S0158,203,0.768,0.0394,4.3,7.7,3
S0159,203,0.749,0.0739,6.2,9.3,8
S0160,61,0.738,0.0656,3.5,3.1,1
S0161,107,0.72,0.0187,11.5,7.0,3
S0162,178,0.798,0.0562,7.6,2.5,6
S0163,157,0.745,0.0637,8.5,16.5,8
S0164,123,0.756,0.0244,4.8,7.4,2
S0165,247,0.757,0.0769,6.3,3.9,7
S0166,233,0.717,0.0644,4.7,9.0,8
S0167,210,0.724,0.0381,3.3,6.8,4
S0168,185,0.703,0.0541,6.2,7.4,8
S0169,114,0.719,0.0526,3.6,6.6,9
S0170,220,0.745,0.0636,6.7,4.0,2
S0171,158,0.778,0.019,5.4,4.9,1
S0172,149,0.745,0.0201,5.6,5.8,5
S0173,129,0.721,0.0078,5.4,4.3,4
S0174,226,0.721,0.0708,1.6,9.7,3
S0175,280,0.725,0.0393,4.6,7.1,4
S0176,342,0.766,0.0468,9.6,6.0,4
S0177,198,0.742,0.0455,4.4,5.2,2
S0178,202,0.728,0.0693,2.9,2.9,1
S0179,139,0.755,0.0504,2.6,5.0,2
S0180,86,0.721,0.0814,4.9,4.2,2
S0181,127,0.74,0.0709,4.4,8.7,8
S0182,138,0.775,0.029,4.2,4.9,7
S0183,118,0.78,0.0424,5.5,6.9,2
S0184,245,0.69,0.0531,2.7,4.5,2
S0185,141,0.745,0.0567,3.7,4.3,5
S0186,130,0.754,0.0769,4.7,5.6,2
S0187,332,0.714,0.0452,3.1,3.9,5
S0188,146,0.767,0.0753,6.8,7.8,6
S0189,197,0.736,0.0355,4.7,8.1,5
S0190,145,0.703,0.069,3.5,8.8,1
S0191,201,0.766,0.0647,6.5,15.3,7
S0192,182,0.747,0.0549,4.4,5.7,9
S0193,243,0.77,0.037,4.1,7.4,2
S0194,175,0.714,0.0629,2.9,2.8,9
S0195,193,0.731,0.0674,3.8,5.0,7
S0196,287,0.791,0.0732,2.8,2.3,4
S0197,237,0.751,0.0633,1.5,8.7,4
S0198,334,0.751,0.0749,6.2,11.9,2
S0199,242,0.752,0.0744,3.4,3.6,7
S0200,151,0.735,0.0596,10.2,12.7,3
S0201,204,0.721,0.0392,6.6,6.3,2
S0202,171,0.772,0.0702,2.7,1.9,6
S0203,217,0.737,0.0599,2.8,7.5,2
S0204,77,0.805,0.0519,2.0,9.1,7
S0205,258,0.76,0.0426,3.5,5.4,5
S0206,135,0.748,0.0148,3.3,6.7,4
S0207,252,0.754,0.0476,6.0,12.5,6
S0208,197,0.797,0.0457,4.9,9.2,7
S0209,246,0.687,0.0366,5.3,8.4,8
S0210,319,0.777,0.0533,5.8,15.2,3
S0211,264,0.716,0.0758,3.5,3.6,5
S0212,137,0.73,0.0584,4.8,4.5,2
S0213,240,0.712,0.05,2.8,1.2,2
S0214,457,0.707,0.0613,2.4,24.0,5
S0215,164,0.75,0.0183,4.6,7.9,4
S0216,228,0.759,0.0746,2.5,9.7,5
S0217,173,0.757,0.0636,3.7,4.1,6
S0218,102,0.706,0.0686,5.5,4.6,2
S0219,242,0.719,0.0744,4.9,4.7,3
S0220,122,0.689,0.041,9.0,2.3,5
S0221,103,0.757,0.0583,3.2,7.5,4
S0222,223,0.731,0.0404,4.4,5.6,4
S0223,224,0.688,0.0446,3.8,4.9,8
S0224,229,0.79,0.083,4.5,7.7,8
S0225,177,0.774,0.0508,8.7,5.9,7
S0226,396,0.775,0.0379,3.0,7.0,8
S0227,172,0.721,0.0698,2.6,3.8,2
S0228,212,0.741,0.0566,5.2,7.1,6
S0229,224,0.754,0.0938,7.9,6.2,2
S0230,215,0.772,0.0605,3.4,17.0,3
S0231,221,0.729,0.0407,9.4,18.4,5
S0232,290,0.714,0.0414,12.0,7.7,1
S0233,167,0.749,0.0659,3.0,4.8,2
S0234,244,0.775,0.0533,4.3,5.5,5
S0235,164,0.726,0.061,1.2,3.4,8
S0236,334,0.743,0.0479,1.8,7.5,8
S0237,69,0.71,0.058,5.9,2.9,5
S0238,77,0.662,0.0649,4.7,2.1,2
S0239,273,0.729,0.0769,5.5,7.8,4
S0240,283,0.721,0.0848,7.5,4.1,2
S0241,224,0.696,0.058,4.0,4.3,7
S0242,191,0.738,0.0366,3.5,8.9,1
S0243,181,0.707,0.0221,4.5,5.6,2
S0244,276,0.761,0.058,6.7,2.9,1
S0245,108,0.796,0.0833,2.0,5.6,2
S0246,297,0.727,0.064,5.7,4.6,7
S0247,324,0.707,0.0525,3.8,2.5,7
S0248,135,0.778,0.0963,2.6,11.8,3
S0249,133,0.722,0.0902,2.0,3.8,7
S0250,212,0.778,0.066,5.7,7.5,9
S0251,263,0.722,0.057,1.7,4.3,5
S0252,99,0.737,0.0909,2.8,10.7,7
S0253,210,0.757,0.0333,7.0,4.5,8
S0254,138,0.761,0.0725,7.0,5.0,4
S0255,234,0.756,0.0598,2.2,3.7,9
S0256,195,0.754,0.041,5.7,4.6,5
S0257,213,0.714,0.0423,9.6,8.6,4
S0258,197,0.701,0.0457,10.7,6.9,6
S0259,149,0.852,0.0805,1.5,8.6,3
S0260,230,0.717,0.0391,3.9,7.7,3
S0261,105,0.762,0.0857,2.9,8.3,2
S0262,219,0.785,0.0685,3.5,4.4,3
S0263,59,0.627,0.0,4.7,5.8,8
S0264,116,0.716,0.0776,2.8,8.2,5
S0265,282,0.723,0.0532,8.7,5.1,5
S0266,147,0.755,0.0748,2.1,5.3,6
S0267,357,0.742,0.0588,3.1,3.8,8
S0268,225,0.738,0.0533,2.2,10.1,5
S0269,338,0.743,0.0769,7.2,6.5,3
S0270,164,0.744,0.0915,3.6,5.9,3
S0271,131,0.74,0.0916,4.1,9.3,4
S0272,118,0.805,0.0339,14.5,5.4,6
S0273,318,0.708,0.0409,2.8,3.6,5
S0274,190,0.8,0.0632,5.9,8.4,7
S0275,19,0.895,0.1053,2.6,4.3,7
S0276,109,0.743,0.0459,5.7,13.7,8
S0277,233,0.695,0.0386,4.2,8.7,7
S0278,280,0.789,0.0714,2.0,7.0,5
S0279,422,0.749,0.0545,2.7,5.4,1
S0280,306,0.768,0.0621,3.3,4.2,4
S0281,194,0.753,0.0825,4.0,4.6,2
S0282,205,0.678,0.0732,7.3,5.7,4
S0283,162,0.765,0.0494,6.1,11.9,8
S0284,199,0.739,0.0452,9.9,8.7,6
S0285,165,0.752,0.0727,1.2,8.8,6
S0286,176,0.744,0.0568,6.0,7.4,6
S0287,161,0.764,0.0559,8.3,6.8,5
S0288,160,0.738,0.0438,5.6,2.2,9
S0289,181,0.696,0.0497,14.6,7.4,7
S0290,315,0.749,0.0635,6.0,3.8,8
S0291,229,0.786,0.0349,6.0,5.9,3
S0292,288,0.753,0.0486,2.8,7.7,3
S0293,103,0.757,0.0485,11.3,6.6,1
S0294,131,0.756,0.0611,2.7,10.1,1
S0295,185,0.724,0.0486,2.9,5.1,9
S0296,260,0.742,0.05,15.8,8.5,7
S0297,170,0.759,0.0765,2.9,11.2,4
S0298,92,0.826,0.1087,3.0,5.8,1
S0299,166,0.765,0.0241,2.9,3.2,9
S0300,129,0.729,0.0233,7.0,6.3,6
S0301,271,0.686,0.059,4.8,3.6,1
S0302,124,0.734,0.0645,4.6,9.4,8
S0303,110,0.764,0.0455,1.5,8.2,4
S0304,254,0.72,0.0787,3.1,6.3,1
S0305,149,0.738,0.0604,2.8,4.5,9
S0306,220,0.736,0.0545,9.7,3.1,6
S0307,195,0.764,0.0718,3.9,6.4,3
S0308,267,0.723,0.0787,4.2,3.8,9
S0309,181,0.751,0.0939,3.5,9.8,9
S0310,102,0.716,0.0294,4.5,3.4,1
S0311,116,0.776,0.069,10.4,4.7,6
S0312,212,0.712,0.0566,2.5,11.8,8
S0313,261,0.805,0.0728,3.7,11.6,8
S0314,173,0.746,0.0347,2.9,12.7,8
S0315,120,0.7,0.0667,3.0,9.8,7
S0316,107,0.701,0.0561,6.4,5.8,7
S0317,270,0.73,0.0519,6.3,4.9,6
S0318,231,0.775,0.039,2.2,4.7,1
S0319,255,0.725,0.0471,3.4,4.7,7
S0320,156,0.744,0.0513,2.8,3.3,6
S0321,206,0.748,0.0485,1.3,3.6,1
S0322,152,0.704,0.0461,5.8,4.4,9
S0323,149,0.711,0.0738,4.7,5.1,4
S0324,100,0.77,0.06,1.2,9.0,1
S0325,108,0.75,0.0648,2.6,6.7,4
S0326,285,0.74,0.0561,2.6,4.3,1
S0327,252,0.754,0.0635,4.5,15.5,1
S0328,277,0.736,0.0578,2.7,6.8,8
S0329,157,0.732,0.0446,2.0,3.4,6
S0330,115,0.739,0.0435,3.8,5.7,2
S0331,171,0.778,0.0292,5.2,5.1,3
S0332,288,0.76,0.0417,2.5,17.1,2
S0333,373,0.7,0.0563,4.1,10.5,1
S0334,171,0.719,0.0351,3.4,8.7,5
S0335,170,0.741,0.0647,3.2,10.3,7
S0336,397,0.733,0.0756,2.6,4.7,7
S0337,269,0.784,0.0632,3.1,8.3,6
S0338,181,0.724,0.0608,13.3,7.1,1
S0339,144,0.757,0.0556,3.3,5.7,8
S0340,142,0.732,0.0423,10.4,4.6,2
S0341,185,0.768,0.0541,4.1,6.0,9
S0342,181,0.729,0.0442,3.6,4.2,4
S0343,249,0.731,0.0602,4.1,7.0,8
S0344,255,0.725,0.0784,2.0,5.6,1
S0345,127,0.795,0.1181,6.1,14.8,1
S0346,224,0.75,0.0491,1.9,3.9,6
S0347,202,0.743,0.0743,3.3,6.6,7
S0348,193,0.788,0.0725,1.2,7.9,4
S0349,137,0.752,0.0657,4.5,1.9,8
S0350,339,0.749,0.0885,4.4,9.9,1
S0351,241,0.739,0.0373,4.6,26.4,2
S0352,144,0.701,0.0694,10.3,7.3,2
S0353,197,0.736,0.0964,3.3,18.2,7
S0354,103,0.777,0.0777,4.8,5.0,3
S0355,139,0.741,0.0719,4.9,2.1,3
S0356,352,0.744,0.0483,2.6,6.4,5
S0357,244,0.75,0.0656,5.6,3.4,7
S0358,123,0.715,0.0407,2.6,1.9,4
S0359,277,0.715,0.0542,1.6,20.5,5
S0360,142,0.683,0.0352,4.5,2.5,9
S0361,268,0.713,0.0261,7.3,11.9,9
S0362,79,0.734,0.0633,3.4,2.8,6
S0363,190,0.732,0.0316,6.1,12.4,5
S0364,276,0.714,0.058,7.0,7.4,7
S0365,181,0.729,0.0608,3.9,5.5,6
S0366,423,0.723,0.0709,4.2,8.6,4
S0367,249,0.743,0.0321,3.5,6.9,1
S0368,96,0.74,0.0729,7.3,10.1,5
S0369,222,0.77,0.0586,3.6,7.2,4
S0370,163,0.767,0.0613,4.8,3.9,2
S0371,187,0.786,0.0749,3.0,8.3,9
S0372,118,0.703,0.0254,6.1,7.1,6
S0373,116,0.716,0.0603,10.5,2.4,3
S0374,238,0.756,0.042,5.7,9.5,6
S0375,280,0.718,0.0786,6.5,6.0,7
S0376,358,0.749,0.0475,2.8,5.7,1
S0377,231,0.766,0.0909,4.6,10.0,2
S0378,239,0.77,0.0502,4.3,11.4,9
S0379,268,0.761,0.0448,3.0,4.7,5
S0380,184,0.734,0.0598,9.1,5.2,2
S0381,183,0.749,0.0164,2.8,6.2,2
S0382,288,0.76,0.0729,3.5,12.0,7
S0383,225,0.684,0.0133,4.1,7.6,7
S0384,275,0.735,0.0473,7.9,6.0,7
S0385,191,0.77,0.0628,5.6,2.1,3
S0386,184,0.69,0.0598,1.5,7.1,4
S0387,161,0.807,0.0435,4.6,5.7,2
S0388,138,0.688,0.0797,1.7,9.7,3
S0389,156,0.756,0.0385,4.5,3.4,7
S0390,359,0.766,0.078,2.9,7.0,8
S0391,125,0.704,0.064,5.1,13.1,5
S0392,234,0.808,0.0427,2.6,5.6,8
S0393,83,0.747,0.0482,4.7,3.6,4
S0394,190,0.768,0.1,9.5,6.5,9
S0395,179,0.737,0.0447,2.7,7.1,6
S0396,193,0.756,0.0622,7.2,7.9,2
S0397,212,0.755,0.0613,3.1,15.7,6
S0398,137,0.774,0.0438,6.7,4.3,2
S0399,230,0.761,0.0696,4.4,2.6,9
S0400,245,0.718,0.049,7.7,8.9,8
S0401,135,0.778,0.0296,6.4,9.9,1
S0402,222,0.748,0.0676,2.5,7.4,1
S0403,137,0.774,0.0365,6.3,5.0,9
S0404,165,0.776,0.097,5.0,2.8,6
S0405,195,0.718,0.0462,3.4,8.7,2
S0406,135,0.763,0.0222,5.5,6.9,9
S0407,91,0.769,0.0659,4.9,7.7,4
S0408,220,0.768,0.0636,8.3,3.3,8
S0409,323,0.777,0.0526,4.7,14.2,5
S0410,292,0.719,0.0822,6.6,12.2,7
S0411,178,0.798,0.0506,4.4,10.0,2
S0412,280,0.764,0.0536,1.2,3.9,4
S0413,181,0.751,0.0608,4.3,6.1,6
S0414,217,0.724,0.0691,3.4,11.5,3
S0415,393,0.746,0.0585,4.2,6.9,6
S0416,147,0.748,0.0816,2.9,12.1,9
S0417,229,0.734,0.0524,5.0,3.4,4
S0418,158,0.778,0.057,3.9,6.9,6
S0419,250,0.756,0.072,3.9,10.5,7
S0420,242,0.798,0.0413,8.8,3.8,2
S0421,133,0.774,0.0827,9.2,5.6,2
S0422,178,0.775,0.0843,7.8,7.6,6
S0423,155,0.716,0.071,4.4,3.0,1
S0424,176,0.733,0.0511,4.8,6.6,6
S0425,66,0.803,0.0455,2.8,2.2,2
S0426,195,0.723,0.0256,12.6,4.7,5
S0427,136,0.772,0.0588,5.1,7.1,1
S0428,193,0.751,0.057,2.9,8.3,2
S0429,181,0.74,0.0773,3.3,6.1,1
S0430,177,0.768,0.0565,6.1,4.3,3
S0431,140,0.7,0.0429,11.3,10.5,4
S0432,130,0.754,0.0538,3.5,8.6,8
S0433,234,0.709,0.0641,4.4,8.3,4
S0434,221,0.756,0.0498,4.0,12.3,2
S0435,221,0.805,0.0633,8.4,11.4,4
S0436,229,0.721,0.0699,4.4,5.1,8
S0437,193,0.751,0.0829,9.6,7.7,7
S0438,226,0.788,0.0708,9.1,8.6,2
S0439,175,0.766,0.0457,2.2,6.3,2
S0440,232,0.698,0.056,9.2,5.2,4
S0441,197,0.716,0.0355,6.1,24.0,4
S0442,167,0.784,0.0599,3.7,5.8,7
S0443,169,0.675,0.071,5.8,6.5,1
S0444,96,0.729,0.0833,1.9,7.6,7
S0445,286,0.748,0.0524,3.6,8.3,2
S0446,173,0.734,0.0462,5.3,2.2,4
S0447,272,0.724,0.0809,8.6,10.6,2
S0448,114,0.746,0.0526,6.5,6.1,6
S0449,183,0.727,0.0656,4.2,8.1,4
S0450,166,0.699,0.0542,3.1,2.5,8
S0451,134,0.724,0.0672,4.5,8.5,6
S0452,151,0.735,0.0331,1.9,3.8,1
S0453,120,0.75,0.0417,2.3,8.7,5
S0454,229,0.707,0.0568,3.1,7.6,5
S0455,168,0.679,0.0595,5.0,13.0,4
S0456,213,0.779,0.0657,2.5,4.5,3
S0457,179,0.687,0.067,1.9,6.3,4
S0458,175,0.737,0.1029,3.3,16.6,9
S0459,189,0.735,0.0582,7.6,4.4,2
S0460,251,0.745,0.0717,5.7,2.2,1
S0461,282,0.745,0.0674,2.8,9.8,8
S0462,177,0.734,0.0395,3.4,3.8,6
S0463,205,0.732,0.078,3.3,6.3,4
S0464,97,0.722,0.0412,2.4,4.2,9
S0465,252,0.766,0.0556,2.9,7.8,4
S0466,194,0.753,0.0773,2.3,2.0,5
S0467,181,0.757,0.0718,7.1,4.4,4
S0468,230,0.674,0.0435,3.1,8.3,1
S0469,242,0.756,0.0455,2.6,7.2,2
S0470,178,0.753,0.0674,4.1,5.1,7
S0471,174,0.741,0.0862,1.9,5.3,7
S0472,181,0.746,0.0497,7.5,7.8,2
S0473,246,0.691,0.0447,5.6,9.5,7
S0474,138,0.703,0.029,3.3,6.7,4
S0475,255,0.761,0.0588,5.6,13.3,1
S0476,241,0.701,0.0705,9.9,6.1,6
S0477,204,0.794,0.0392,9.0,17.0,6
S0478,185,0.757,0.0486,5.1,2.8,4
S0479,167,0.719,0.0419,7.0,4.2,7
S0480,237,0.722,0.0928,4.5,13.4,1
S0481,300,0.717,0.0567,13.0,4.7,5
S0482,181,0.74,0.0663,5.5,5.6,9
S0483,243,0.741,0.0535,10.2,8.3,9
S0484,179,0.743,0.0615,13.7,4.7,8
S0485,199,0.719,0.0653,7.1,4.9,2
S0486,179,0.771,0.0559,3.2,4.4,1
S0487,177,0.757,0.0508,11.4,8.3,1
S0488,177,0.757,0.0508,4.4,3.6,8
S0489,123,0.724,0.0407,4.9,4.0,4
S0490,186,0.737,0.0699,7.2,7.3,7
S0491,192,0.708,0.0573,7.6,4.0,4
S0492,219,0.795,0.0411,5.7,6.2,3
S0493,365,0.759,0.0575,1.3,8.4,3
S0494,224,0.75,0.0446,2.1,3.5,3
S0495,216,0.764,0.0694,3.1,15.4,8
S0496,105,0.771,0.0667,2.2,10.3,7
S0497,177,0.706,0.0565,2.4,5.1,4
S0498,175,0.726,0.0571,4.0,3.8,5
S0499,190,0.747,0.0789,10.3,3.7,7
S0500,117,0.65,0.0684,6.4,3.4,3
